description,category
Smoke is coming from a classroom,fire
There is a fire in the laboratory,fire
Flames are visible near the science room,fire
Electrical wiring is burning in the classroom,fire
A trash bin is on fire in the hallway,fire
There is thick smoke inside the building,fire
Fire alarm is sounding and smoke is visible,fire
A small fire started in the faculty room,fire
Sparks caused a fire near an outlet,fire
Smoke is coming from the computer laboratory,fire
Flames are spreading near the storage room,fire
There is burning equipment in the office,fire
An electrical panel is burning,fire
A classroom curtain caught fire,fire
Fire is coming from the kitchen area,fire
The room smells strongly of smoke and something is burning,fire
A fire started beside the school canteen,fire
Black smoke is coming from a room,fire
Someone reported flames near the electrical room,fire
The ceiling has smoke and visible flames,fire
A gas stove area is on fire,fire
There is a burning appliance in the office,fire
Smoke and flames are visible near the stairs,fire
The waste container caught fire,fire
A fire is spreading in the storage area,fire
Burning wires are producing smoke,fire
The fire extinguisher area has an active fire,fire
There are flames inside the classroom,fire
Smoke is filling the corridor,fire
An electrical short caused a fire,fire
A student is unconscious,med
A student fainted in the classroom,med
Someone is having difficulty breathing,med
A student has severe bleeding,med
A teacher needs medical assistance,med
A student is having a seizure,med
Someone has chest pain and needs help,med
A student is injured and bleeding,med
A person collapsed near the hallway,med
A student is feeling dizzy and may faint,med
Someone has a serious allergic reaction,med
A student has a deep wound,med
A person is unconscious near the stairs,med
A student is vomiting and very weak,med
Someone needs an ambulance for a medical emergency,med
A student has a broken arm,med
A person has difficulty breathing after an incident,med
A student is experiencing severe pain,med
Someone collapsed during class,med
A student has a head injury,med
A person is bleeding heavily,med
A student cannot stand and needs medical attention,med
Someone is having a medical emergency in the gym,med
A student lost consciousness,med
A person is injured and needs first aid,med
A student is having trouble breathing,med
Someone suffered a possible fracture,med
A student has a severe headache and collapsed,med
A person needs urgent medical assistance,med
A student is unconscious after feeling ill,med
A phone was stolen from the classroom,sec
Someone is trespassing on campus,sec
A suspicious person is near the school gate,sec
There is a theft in the hallway,sec
A student reported a missing laptop,sec
Someone is threatening another student,sec
A fight is happening outside the classroom,sec
A stranger entered the restricted area,sec
A person is acting suspiciously near the laboratory,sec
Someone broke into an office,sec
A wallet was stolen in the cafeteria,sec
There is an unauthorized person inside the building,sec
A student is being threatened,sec
Someone damaged school property intentionally,sec
A suspicious package was found,sec
An intruder is near the back entrance,sec
A person is attempting to enter a locked room,sec
There is a physical altercation in the corridor,sec
A laptop was taken without permission,sec
Someone is stealing equipment from the laboratory,sec
A stranger is following students,sec
A security threat was reported near the gate,sec
Someone is vandalizing the classroom,sec
An unknown person entered campus,sec
A student reported harassment and threats,sec
There is a disturbance in the hallway,sec
Someone is attempting to steal a bicycle,sec
A suspicious individual is near the parking area,sec
A staff member reported unauthorized entry,sec
There is a theft reported in the library,sec
A student slipped and fell on the wet floor,accident
Two students collided in the hallway,accident
A bicycle accident happened near the gate,accident
Someone tripped on the stairs,accident
A vehicle hit a barrier on campus,accident
A student fell from a chair,accident
There was an accident in the laboratory,accident
A person slipped near the restroom,accident
A student fell while playing basketball,accident
Two people collided during sports practice,accident
A motorcycle crashed near the school entrance,accident
Someone tripped over a cable,accident
A student fell on the wet pavement,accident
A cart hit a person in the corridor,accident
There was a minor vehicle collision,accident
A person fell down the stairs,accident
A student was injured after slipping,accident
An accident occurred in the parking area,accident
Someone collided with a door,accident
A student fell during physical education,accident
A vehicle crashed into a fence,accident
A person tripped near the cafeteria,accident
A student fell while running,accident
There was a collision near the gym,accident
Someone slipped on spilled water,accident
A student fell from the bleachers,accident
A bicycle collided with a pedestrian,accident
A person tripped over an object,accident
A sports accident occurred on the field,accident
A student fell after losing balance,accident
